-- phpMyAdmin SQL Dump
-- version 4.1.14
-- http://www.phpmyadmin.net
--
-- 主機: 127.0.0.1
-- 產生時間： 2016-07-16: 19:41:31
-- 伺服器版本: 5.6.17
-- PHP 版本： 5.5.12

SET SQL_MODE = "NO_AUTO_VALUE_ON_ZERO";
SET time_zone = "+00:00";


/*!40101 SET @OLD_CHARACTER_SET_CLIENT=@@CHARACTER_SET_CLIENT */;
/*!40101 SET @OLD_CHARACTER_SET_RESULTS=@@CHARACTER_SET_RESULTS */;
/*!40101 SET @OLD_COLLATION_CONNECTION=@@COLLATION_CONNECTION */;
/*!40101 SET NAMES utf8 */;

--
-- 資料庫： `teacher`
--

-- --------------------------------------------------------

--
-- 資料表結構 `admin_info`
--

CREATE TABLE IF NOT EXISTS `admin_info` (
  `aid` int(32) NOT NULL AUTO_INCREMENT,
  `account` varchar(32) NOT NULL,
  `password` varchar(32) NOT NULL,
  `email` varchar(32) NOT NULL,
  PRIMARY KEY (`aid`)
) ENGINE=InnoDB  DEFAULT CHARSET=utf8 AUTO_INCREMENT=2 ;

--
-- 資料表的匯出資料 `admin_info`
--

INSERT INTO `admin_info` (`aid`, `account`, `password`, `email`) VALUES
(1, 'yamol', 'yopp09041109', 'roger840713@gmail.com');

-- --------------------------------------------------------

--
-- 資料表結構 `class_info`
--

CREATE TABLE IF NOT EXISTS `class_info` (
  `cid` int(32) NOT NULL AUTO_INCREMENT,
  `className` varchar(32) NOT NULL,
  `gradeNumber` varchar(32) NOT NULL,
  PRIMARY KEY (`cid`)
) ENGINE=InnoDB  DEFAULT CHARSET=utf8 AUTO_INCREMENT=27 ;

--
-- 資料表的匯出資料 `class_info`
--

INSERT INTO `class_info` (`cid`, `className`, `gradeNumber`) VALUES
(1, '101', '1'),
(2, '102', '1'),
(3, '103', '1'),
(4, '104', '1'),
(5, '201', '2'),
(6, '202', '2'),
(7, '203', '2'),
(8, '204', '2'),
(9, '301', '3'),
(10, '302', '3'),
(11, '303', '3'),
(12, '304', '3'),
(13, '401', '4'),
(14, '402', '4'),
(15, '403', '4'),
(16, '404', '4'),
(17, '405', '4'),
(18, '501', '5'),
(19, '502', '5'),
(20, '503', '5'),
(21, '504', '5'),
(22, '601', '6'),
(23, '602', '6'),
(24, '603', '6'),
(25, '604', '6'),
(26, '605', '6');

-- --------------------------------------------------------

--
-- 資料表結構 `class_teacher_info`
--

CREATE TABLE IF NOT EXISTS `class_teacher_info` (
  `cteaid` int(32) NOT NULL AUTO_INCREMENT,
  `className` varchar(32) NOT NULL,
  `classTeacher` varchar(32) CHARACTER SET utf8mb4 NOT NULL,
  PRIMARY KEY (`cteaid`)
) ENGINE=InnoDB  DEFAULT CHARSET=utf8 AUTO_INCREMENT=5 ;

--
-- 資料表的匯出資料 `class_teacher_info`
--

INSERT INTO `class_teacher_info` (`cteaid`, `className`, `classTeacher`) VALUES
(1, '101', '23'),
(2, '102', '34'),
(3, '103', '25'),
(4, '104', '26');

-- --------------------------------------------------------

--
-- 資料表結構 `class_time_info`
--

CREATE TABLE IF NOT EXISTS `class_time_info` (
  `ctid` int(32) NOT NULL AUTO_INCREMENT,
  `week` int(32) NOT NULL,
  `node` int(32) NOT NULL,
  `subjectNum` varchar(32) NOT NULL,
  `className` varchar(32) NOT NULL,
  PRIMARY KEY (`ctid`)
) ENGINE=InnoDB  DEFAULT CHARSET=utf8 AUTO_INCREMENT=911 ;

--
-- 資料表的匯出資料 `class_time_info`
--

INSERT INTO `class_time_info` (`ctid`, `week`, `node`, `subjectNum`, `className`) VALUES
(1, 0, 0, '8', '101'),
(2, 1, 0, '2', '101'),
(3, 2, 0, '2', '101'),
(4, 3, 0, '16', '101'),
(5, 4, 0, '16', '101'),
(6, 0, 1, '9', '101'),
(7, 1, 1, '7', '101'),
(8, 2, 1, '1', '101'),
(9, 3, 1, '9', '101'),
(10, 4, 1, '7', '101'),
(11, 0, 2, '2', '101'),
(12, 1, 2, '14', '101'),
(13, 2, 2, '4', '101'),
(14, 3, 2, '7', '101'),
(15, 4, 2, '9', '101'),
(16, 0, 3, '1', '101'),
(17, 1, 3, '9', '101'),
(18, 2, 3, '8', '101'),
(19, 3, 3, '1', '101'),
(20, 4, 3, '1', '101'),
(21, 0, 4, '0', '101'),
(22, 1, 4, '12', '101'),
(23, 2, 4, '0', '101'),
(24, 3, 4, '0', '101'),
(25, 4, 4, '0', '101'),
(26, 0, 5, '0', '101'),
(27, 1, 5, '16', '101'),
(28, 2, 5, '0', '101'),
(29, 3, 5, '0', '101'),
(30, 4, 5, '0', '101'),
(31, 0, 6, '0', '101'),
(32, 1, 6, '13', '101'),
(33, 2, 6, '0', '101'),
(34, 3, 6, '0', '101'),
(35, 4, 6, '0', '101'),
(36, 0, 0, '9', '102'),
(37, 1, 0, '2', '102'),
(38, 2, 0, '7', '102'),
(39, 3, 0, '1', '102'),
(40, 4, 0, '7', '102'),
(41, 0, 1, '2', '102'),
(42, 1, 1, '8', '102'),
(43, 2, 1, '9', '102'),
(44, 3, 1, '9', '102'),
(45, 4, 1, '9', '102'),
(46, 0, 2, '2', '102'),
(47, 1, 2, '7', '102'),
(48, 2, 2, '16', '102'),
(49, 3, 2, '13', '102'),
(50, 4, 2, '1', '102'),
(51, 0, 3, '1', '102'),
(52, 1, 3, '14', '102'),
(53, 2, 3, '1', '102'),
(54, 3, 3, '16', '102'),
(55, 4, 3, '16', '102'),
(56, 0, 4, '0', '102'),
(57, 1, 4, '4', '102'),
(58, 2, 4, '0', '102'),
(59, 3, 4, '0', '102'),
(60, 4, 4, '0', '102'),
(61, 0, 5, '0', '102'),
(62, 1, 5, '8', '102'),
(63, 2, 5, '0', '102'),
(64, 3, 5, '0', '102'),
(65, 4, 5, '0', '102'),
(66, 0, 6, '0', '102'),
(67, 1, 6, '12', '102'),
(68, 2, 6, '0', '102'),
(69, 3, 6, '0', '102'),
(70, 4, 6, '0', '102'),
(71, 0, 0, '7', '103'),
(72, 1, 0, '1', '103'),
(73, 2, 0, '1', '103'),
(74, 3, 0, '9', '103'),
(75, 4, 0, '14', '103'),
(76, 0, 1, '9', '103'),
(77, 1, 1, '9', '103'),
(78, 2, 1, '9', '103'),
(79, 3, 1, '7', '103'),
(80, 4, 1, '7', '103'),
(81, 0, 2, '1', '103'),
(82, 1, 2, '4', '103'),
(83, 2, 2, '2', '103'),
(84, 3, 2, '1', '103'),
(85, 4, 2, '2', '103'),
(86, 0, 3, '16', '103'),
(87, 1, 3, '2', '103'),
(88, 2, 3, '8', '103'),
(89, 3, 3, '16', '103'),
(90, 4, 3, '16', '103'),
(91, 0, 4, '0', '103'),
(92, 1, 4, '8', '103'),
(93, 2, 4, '0', '103'),
(94, 3, 4, '0', '103'),
(95, 4, 4, '0', '103'),
(96, 0, 5, '0', '103'),
(97, 1, 5, '12', '103'),
(98, 2, 5, '0', '103'),
(99, 3, 5, '0', '103'),
(100, 4, 5, '0', '103'),
(101, 0, 6, '0', '103'),
(102, 1, 6, '13', '103'),
(103, 2, 6, '0', '103'),
(104, 3, 6, '0', '103'),
(105, 4, 6, '0', '103'),
(106, 0, 0, '13', '104'),
(107, 1, 0, '14', '104'),
(108, 2, 0, '7', '104'),
(109, 3, 0, '1', '104'),
(110, 4, 0, '2', '104'),
(111, 0, 1, '16', '104'),
(112, 1, 1, '1', '104'),
(113, 2, 1, '9', '104'),
(114, 3, 1, '7', '104'),
(115, 4, 1, '9', '104'),
(116, 0, 2, '9', '104'),
(117, 1, 2, '9', '104'),
(118, 2, 2, '1', '104'),
(119, 3, 2, '2', '104'),
(120, 4, 2, '8', '104'),
(121, 0, 3, '1', '104'),
(122, 1, 3, '7', '104'),
(123, 2, 3, '2', '104'),
(124, 3, 3, '8', '104'),
(125, 4, 3, '16', '104'),
(126, 0, 4, '0', '104'),
(127, 1, 4, '12', '104'),
(128, 2, 4, '0', '104'),
(129, 3, 4, '0', '104'),
(130, 4, 4, '0', '104'),
(131, 0, 5, '0', '104'),
(132, 1, 5, '4', '104'),
(133, 2, 5, '0', '104'),
(134, 3, 5, '0', '104'),
(135, 4, 5, '0', '104'),
(136, 0, 6, '0', '104'),
(137, 1, 6, '16', '104'),
(138, 2, 6, '0', '104'),
(139, 3, 6, '0', '104'),
(140, 4, 6, '0', '104'),
(141, 0, 0, '9', '201'),
(142, 1, 0, '8', '201'),
(143, 2, 0, '9', '201'),
(144, 3, 0, '13', '201'),
(145, 4, 0, '2', '201'),
(146, 0, 1, '7', '201'),
(147, 1, 1, '14', '201'),
(148, 2, 1, '16', '201'),
(149, 3, 1, '9', '201'),
(150, 4, 1, '9', '201'),
(151, 0, 2, '16', '201'),
(152, 1, 2, '1', '201'),
(153, 2, 2, '2', '201'),
(154, 3, 2, '7', '201'),
(155, 4, 2, '7', '201'),
(156, 0, 3, '1', '201'),
(157, 1, 3, '2', '201'),
(158, 2, 3, '8', '201'),
(159, 3, 3, '1', '201'),
(160, 4, 3, '1', '201'),
(161, 0, 4, '0', '201'),
(162, 1, 4, '12', '201'),
(163, 2, 4, '0', '201'),
(164, 3, 4, '0', '201'),
(165, 4, 4, '0', '201'),
(166, 0, 5, '0', '201'),
(167, 1, 5, '16', '201'),
(168, 2, 5, '0', '201'),
(169, 3, 5, '0', '201'),
(170, 4, 5, '0', '201'),
(171, 0, 6, '0', '201'),
(172, 1, 6, '4', '201'),
(173, 2, 6, '0', '201'),
(174, 3, 6, '0', '201'),
(175, 4, 6, '0', '201'),
(176, 0, 0, '1', '202'),
(177, 1, 0, '2', '202'),
(178, 2, 0, '16', '202'),
(179, 3, 0, '9', '202'),
(180, 4, 0, '9', '202'),
(181, 0, 1, '13', '202'),
(182, 1, 1, '9', '202'),
(183, 2, 1, '7', '202'),
(184, 3, 1, '8', '202'),
(185, 4, 1, '16', '202'),
(186, 0, 2, '16', '202'),
(187, 1, 2, '14', '202'),
(188, 2, 2, '1', '202'),
(189, 3, 2, '2', '202'),
(190, 4, 2, '7', '202'),
(191, 0, 3, '9', '202'),
(192, 1, 3, '1', '202'),
(193, 2, 3, '2', '202'),
(194, 3, 3, '12', '202'),
(195, 4, 3, '1', '202'),
(196, 0, 4, '0', '202'),
(197, 1, 4, '7', '202'),
(198, 2, 4, '0', '202'),
(199, 3, 4, '0', '202'),
(200, 4, 4, '0', '202'),
(201, 0, 5, '0', '202'),
(202, 1, 5, '8', '202'),
(203, 2, 5, '0', '202'),
(204, 3, 5, '0', '202'),
(205, 4, 5, '0', '202'),
(206, 0, 6, '0', '202'),
(207, 1, 6, '4', '202'),
(208, 2, 6, '0', '202'),
(209, 3, 6, '0', '202'),
(210, 4, 6, '0', '202'),
(211, 0, 0, '16', '203'),
(212, 1, 0, '1', '203'),
(213, 2, 0, '8', '203'),
(214, 3, 0, '1', '203'),
(215, 4, 0, '13', '203'),
(216, 0, 1, '9', '203'),
(217, 1, 1, '9', '203'),
(218, 2, 1, '16', '203'),
(219, 3, 1, '2', '203'),
(220, 4, 1, '9', '203'),
(221, 0, 2, '2', '203'),
(222, 1, 2, '16', '203'),
(223, 2, 2, '1', '203'),
(224, 3, 2, '7', '203'),
(225, 4, 2, '1', '203'),
(226, 0, 3, '7', '203'),
(227, 1, 3, '2', '203'),
(228, 2, 3, '9', '203'),
(229, 3, 3, '8', '203'),
(230, 4, 3, '7', '203'),
(231, 0, 4, '0', '203'),
(232, 1, 4, '4', '203'),
(233, 2, 4, '0', '203'),
(234, 3, 4, '0', '203'),
(235, 4, 4, '0', '203'),
(236, 0, 5, '0', '203'),
(237, 1, 5, '14', '203'),
(238, 2, 5, '0', '203'),
(239, 3, 5, '0', '203'),
(240, 4, 5, '0', '203'),
(241, 0, 6, '0', '203'),
(242, 1, 6, '12', '203'),
(243, 2, 6, '0', '203'),
(244, 3, 6, '0', '203'),
(245, 4, 6, '0', '203'),
(246, 0, 0, '9', '204'),
(247, 1, 0, '1', '204'),
(248, 2, 0, '1', '204'),
(249, 3, 0, '1', '204'),
(250, 4, 0, '2', '204'),
(251, 0, 1, '1', '204'),
(252, 1, 1, '12', '204'),
(253, 2, 1, '13', '204'),
(254, 3, 1, '8', '204'),
(255, 4, 1, '9', '204'),
(256, 0, 2, '16', '204'),
(257, 1, 2, '8', '204'),
(258, 2, 2, '16', '204'),
(259, 3, 2, '9', '204'),
(260, 4, 2, '16', '204'),
(261, 0, 3, '7', '204'),
(262, 1, 3, '7', '204'),
(263, 2, 3, '2', '204'),
(264, 3, 3, '2', '204'),
(265, 4, 3, '7', '204'),
(266, 0, 4, '0', '204'),
(267, 1, 4, '9', '204'),
(268, 2, 4, '0', '204'),
(269, 3, 4, '0', '204'),
(270, 4, 4, '0', '204'),
(271, 0, 5, '0', '204'),
(272, 1, 5, '14', '204'),
(273, 2, 5, '0', '204'),
(274, 3, 5, '0', '204'),
(275, 4, 5, '0', '204'),
(276, 0, 6, '0', '204'),
(277, 1, 6, '4', '204'),
(278, 2, 6, '0', '204'),
(279, 3, 6, '0', '204'),
(280, 4, 6, '0', '204'),
(281, 0, 0, '1', '301'),
(282, 1, 0, '7', '301'),
(283, 2, 0, '8', '301'),
(284, 3, 0, '1', '301'),
(285, 4, 0, '6', '301'),
(286, 0, 1, '15', '301'),
(287, 1, 1, '6', '301'),
(288, 2, 1, '13', '301'),
(289, 3, 1, '7', '301'),
(290, 4, 1, '2', '301'),
(291, 0, 2, '5', '301'),
(292, 1, 2, '2', '301'),
(293, 2, 2, '1', '301'),
(294, 3, 2, '8', '301'),
(295, 4, 2, '5', '301'),
(296, 0, 3, '2', '301'),
(297, 1, 3, '1', '301'),
(298, 2, 3, '6', '301'),
(299, 3, 3, '11', '301'),
(300, 4, 3, '3', '301'),
(301, 0, 4, '14', '301'),
(302, 1, 4, '3', '301'),
(303, 2, 4, '0', '301'),
(304, 3, 4, '12', '301'),
(305, 4, 4, '0', '301'),
(306, 0, 5, '10', '301'),
(307, 1, 5, '11', '301'),
(308, 2, 5, '0', '301'),
(309, 3, 5, '13', '301'),
(310, 4, 5, '0', '301'),
(311, 0, 6, '4', '301'),
(312, 1, 6, '8', '301'),
(313, 2, 6, '0', '301'),
(314, 3, 6, '5', '301'),
(315, 4, 6, '0', '301'),
(316, 0, 0, '1', '302'),
(317, 1, 0, '5', '302'),
(318, 2, 0, '8', '302'),
(319, 3, 0, '14', '302'),
(320, 4, 0, '5', '302'),
(321, 0, 1, '8', '302'),
(322, 1, 1, '4', '302'),
(323, 2, 1, '6', '302'),
(324, 3, 1, '2', '302'),
(325, 4, 1, '13', '302'),
(326, 0, 2, '7', '302'),
(327, 1, 2, '1', '302'),
(328, 2, 2, '2', '302'),
(329, 3, 2, '5', '302'),
(330, 4, 2, '11', '302'),
(331, 0, 3, '2', '302'),
(332, 1, 3, '6', '302'),
(333, 2, 3, '1', '302'),
(334, 3, 3, '12', '302'),
(335, 4, 3, '1', '302'),
(336, 0, 4, '10', '302'),
(337, 1, 4, '8', '302'),
(338, 2, 4, '0', '302'),
(339, 3, 4, '3', '302'),
(340, 4, 4, '0', '302'),
(341, 0, 5, '11', '302'),
(342, 1, 5, '7', '302'),
(343, 2, 5, '0', '302'),
(344, 3, 5, '6', '302'),
(345, 4, 5, '0', '302'),
(346, 0, 6, '13', '302'),
(347, 1, 6, '3', '302'),
(348, 2, 6, '0', '302'),
(349, 3, 6, '15', '302'),
(350, 4, 6, '0', '302'),
(351, 0, 0, '1', '303'),
(352, 1, 0, '8', '303'),
(353, 2, 0, '8', '303'),
(354, 3, 0, '4', '303'),
(355, 4, 0, '2', '303'),
(356, 0, 1, '12', '303'),
(357, 1, 1, '5', '303'),
(358, 2, 1, '1', '303'),
(359, 3, 1, '14', '303'),
(360, 4, 1, '1', '303'),
(361, 0, 2, '2', '303'),
(362, 1, 2, '13', '303'),
(363, 2, 2, '13', '303'),
(364, 3, 2, '5', '303'),
(365, 4, 2, '6', '303'),
(366, 0, 3, '7', '303'),
(367, 1, 3, '2', '303'),
(368, 2, 3, '5', '303'),
(369, 3, 3, '1', '303'),
(370, 4, 3, '8', '303'),
(371, 0, 4, '3', '303'),
(372, 1, 4, '7', '303'),
(373, 2, 4, '0', '303'),
(374, 3, 4, '15', '303'),
(375, 4, 4, '0', '303'),
(376, 0, 5, '6', '303'),
(377, 1, 5, '3', '303'),
(378, 2, 5, '0', '303'),
(379, 3, 5, '6', '303'),
(380, 4, 5, '0', '303'),
(381, 0, 6, '10', '303'),
(382, 1, 6, '11', '303'),
(383, 2, 6, '0', '303'),
(384, 3, 6, '11', '303'),
(385, 4, 6, '0', '303'),
(386, 0, 0, '6', '304'),
(387, 1, 0, '11', '304'),
(388, 2, 0, '1', '304'),
(389, 3, 0, '8', '304'),
(390, 4, 0, '5', '304'),
(391, 0, 1, '2', '304'),
(392, 1, 1, '2', '304'),
(393, 2, 1, '8', '304'),
(394, 3, 1, '14', '304'),
(395, 4, 1, '8', '304'),
(396, 0, 2, '7', '304'),
(397, 1, 2, '1', '304'),
(398, 2, 2, '5', '304'),
(399, 3, 2, '1', '304'),
(400, 4, 2, '6', '304'),
(401, 0, 3, '1', '304'),
(402, 1, 3, '5', '304'),
(403, 2, 3, '3', '304'),
(404, 3, 3, '4', '304'),
(405, 4, 3, '2', '304'),
(406, 0, 4, '11', '304'),
(407, 1, 4, '3', '304'),
(408, 2, 4, '0', '304'),
(409, 3, 4, '7', '304'),
(410, 4, 4, '0', '304'),
(411, 0, 5, '13', '304'),
(412, 1, 5, '13', '304'),
(413, 2, 5, '0', '304'),
(414, 3, 5, '15', '304'),
(415, 4, 5, '0', '304'),
(416, 0, 6, '12', '304'),
(417, 1, 6, '6', '304'),
(418, 2, 6, '0', '304'),
(419, 3, 6, '10', '304'),
(420, 4, 6, '0', '304'),
(421, 0, 0, '2', '401'),
(422, 1, 0, '1', '401'),
(423, 2, 0, '5', '401'),
(424, 3, 0, '8', '401'),
(425, 4, 0, '1', '401'),
(426, 0, 1, '8', '401'),
(427, 1, 1, '2', '401'),
(428, 2, 1, '2', '401'),
(429, 3, 1, '12', '401'),
(430, 4, 1, '5', '401'),
(431, 0, 2, '7', '401'),
(432, 1, 2, '10', '401'),
(433, 2, 2, '3', '401'),
(434, 3, 2, '11', '401'),
(435, 4, 2, '6', '401'),
(436, 0, 3, '6', '401'),
(437, 1, 3, '7', '401'),
(438, 2, 3, '1', '401'),
(439, 3, 3, '1', '401'),
(440, 4, 3, '8', '401'),
(441, 0, 4, '5', '401'),
(442, 1, 4, '15', '401'),
(443, 2, 4, '0', '401'),
(444, 3, 4, '3', '401'),
(445, 4, 4, '0', '401'),
(446, 0, 5, '13', '401'),
(447, 1, 5, '14', '401'),
(448, 2, 5, '0', '401'),
(449, 3, 5, '4', '401'),
(450, 4, 5, '0', '401'),
(451, 0, 6, '11', '401'),
(452, 1, 6, '6', '401'),
(453, 2, 6, '0', '401'),
(454, 3, 6, '13', '401'),
(455, 4, 6, '0', '401'),
(456, 0, 0, '11', '402'),
(457, 1, 0, '2', '402'),
(458, 2, 0, '3', '402'),
(459, 3, 0, '15', '402'),
(460, 4, 0, '6', '402'),
(461, 0, 1, '2', '402'),
(462, 1, 1, '11', '402'),
(463, 2, 1, '1', '402'),
(464, 3, 1, '7', '402'),
(465, 4, 1, '5', '402'),
(466, 0, 2, '14', '402'),
(467, 1, 2, '3', '402'),
(468, 2, 2, '2', '402'),
(469, 3, 2, '12', '402'),
(470, 4, 2, '13', '402'),
(471, 0, 3, '5', '402'),
(472, 1, 3, '1', '402'),
(473, 2, 3, '8', '402'),
(474, 3, 3, '1', '402'),
(475, 4, 3, '1', '402'),
(476, 0, 4, '10', '402'),
(477, 1, 4, '8', '402'),
(478, 2, 4, '0', '402'),
(479, 3, 4, '8', '402'),
(480, 4, 4, '0', '402'),
(481, 0, 5, '7', '402'),
(482, 1, 5, '6', '402'),
(483, 2, 5, '0', '402'),
(484, 3, 5, '4', '402'),
(485, 4, 5, '0', '402'),
(486, 0, 6, '6', '402'),
(487, 1, 6, '13', '402'),
(488, 2, 6, '0', '402'),
(489, 3, 6, '5', '402'),
(490, 4, 6, '0', '402'),
(491, 0, 0, '8', '403'),
(492, 1, 0, '6', '403'),
(493, 2, 0, '13', '403'),
(494, 3, 0, '4', '403'),
(495, 4, 0, '13', '403'),
(496, 0, 1, '1', '403'),
(497, 1, 1, '2', '403'),
(498, 2, 1, '7', '403'),
(499, 3, 1, '6', '403'),
(500, 4, 1, '6', '403'),
(501, 0, 2, '2', '403'),
(502, 1, 2, '15', '403'),
(503, 2, 2, '2', '403'),
(504, 3, 2, '12', '403'),
(505, 4, 2, '1', '403'),
(506, 0, 3, '5', '403'),
(507, 1, 3, '1', '403'),
(508, 2, 3, '5', '403'),
(509, 3, 3, '1', '403'),
(510, 4, 3, '8', '403'),
(511, 0, 4, '7', '403'),
(512, 1, 4, '8', '403'),
(513, 2, 4, '0', '403'),
(514, 3, 4, '5', '403'),
(515, 4, 4, '0', '403'),
(516, 0, 5, '3', '403'),
(517, 1, 5, '10', '403'),
(518, 2, 5, '0', '403'),
(519, 3, 5, '11', '403'),
(520, 4, 5, '0', '403'),
(521, 0, 6, '14', '403'),
(522, 1, 6, '11', '403'),
(523, 2, 6, '0', '403'),
(524, 3, 6, '3', '403'),
(525, 4, 6, '0', '403'),
(526, 0, 0, '6', '404'),
(527, 1, 0, '14', '404'),
(528, 2, 0, '5', '404'),
(529, 3, 0, '1', '404'),
(530, 4, 0, '1', '404'),
(531, 0, 1, '3', '404'),
(532, 1, 1, '13', '404'),
(533, 2, 1, '8', '404'),
(534, 3, 1, '5', '404'),
(535, 4, 1, '6', '404'),
(536, 0, 2, '2', '404'),
(537, 1, 2, '7', '404'),
(538, 2, 2, '1', '404'),
(539, 3, 2, '4', '404'),
(540, 4, 2, '2', '404'),
(541, 0, 3, '1', '404'),
(542, 1, 3, '11', '404'),
(543, 2, 3, '2', '404'),
(544, 3, 3, '6', '404'),
(545, 4, 3, '5', '404'),
(546, 0, 4, '7', '404'),
(547, 1, 4, '8', '404'),
(548, 2, 4, '0', '404'),
(549, 3, 4, '15', '404'),
(550, 4, 4, '0', '404'),
(551, 0, 5, '13', '404'),
(552, 1, 5, '10', '404'),
(553, 2, 5, '0', '404'),
(554, 3, 5, '11', '404'),
(555, 4, 5, '0', '404'),
(556, 0, 6, '8', '404'),
(557, 1, 6, '12', '404'),
(558, 2, 6, '0', '404'),
(559, 3, 6, '3', '404'),
(560, 4, 6, '0', '404'),
(561, 0, 0, '14', '405'),
(562, 1, 0, '11', '405'),
(563, 2, 0, '2', '405'),
(564, 3, 0, '3', '405'),
(565, 4, 0, '5', '405'),
(566, 0, 1, '6', '405'),
(567, 1, 1, '7', '405'),
(568, 2, 1, '13', '405'),
(569, 3, 1, '2', '405'),
(570, 4, 1, '8', '405'),
(571, 0, 2, '2', '405'),
(572, 1, 2, '3', '405'),
(573, 2, 2, '1', '405'),
(574, 3, 2, '1', '405'),
(575, 4, 2, '13', '405'),
(576, 0, 3, '1', '405'),
(577, 1, 3, '1', '405'),
(578, 2, 3, '6', '405'),
(579, 3, 3, '6', '405'),
(580, 4, 3, '7', '405'),
(581, 0, 4, '10', '405'),
(582, 1, 4, '15', '405'),
(583, 2, 4, '0', '405'),
(584, 3, 4, '12', '405'),
(585, 4, 4, '0', '405'),
(586, 0, 5, '11', '405'),
(587, 1, 5, '5', '405'),
(588, 2, 5, '0', '405'),
(589, 3, 5, '8', '405'),
(590, 4, 5, '0', '405'),
(591, 0, 6, '8', '405'),
(592, 1, 6, '4', '405'),
(593, 2, 6, '0', '405'),
(594, 3, 6, '5', '405'),
(595, 4, 6, '0', '405'),
(596, 0, 0, '11', '501'),
(597, 1, 0, '7', '501'),
(598, 2, 0, '8', '501'),
(599, 3, 0, '12', '501'),
(600, 4, 0, '10', '501'),
(601, 0, 1, '2', '501'),
(602, 1, 1, '1', '501'),
(603, 2, 1, '13', '501'),
(604, 3, 1, '1', '501'),
(605, 4, 1, '3', '501'),
(606, 0, 2, '15', '501'),
(607, 1, 2, '13', '501'),
(608, 2, 2, '2', '501'),
(609, 3, 2, '5', '501'),
(610, 4, 2, '2', '501'),
(611, 0, 3, '1', '501'),
(612, 1, 3, '2', '501'),
(613, 2, 3, '1', '501'),
(614, 3, 3, '4', '501'),
(615, 4, 3, '1', '501'),
(616, 0, 4, '8', '501'),
(617, 1, 4, '6', '501'),
(618, 2, 4, '0', '501'),
(619, 3, 4, '7', '501'),
(620, 4, 4, '14', '501'),
(621, 0, 5, '6', '501'),
(622, 1, 5, '3', '501'),
(623, 2, 5, '0', '501'),
(624, 3, 5, '11', '501'),
(625, 4, 5, '5', '501'),
(626, 0, 6, '5', '501'),
(627, 1, 6, '8', '501'),
(628, 2, 6, '0', '501'),
(629, 3, 6, '6', '501'),
(630, 4, 6, '7', '501'),
(631, 0, 0, '13', '502'),
(632, 1, 0, '2', '502'),
(633, 2, 0, '8', '502'),
(634, 3, 0, '6', '502'),
(635, 4, 0, '2', '502'),
(636, 0, 1, '1', '502'),
(637, 1, 1, '3', '502'),
(638, 2, 1, '5', '502'),
(639, 3, 1, '7', '502'),
(640, 4, 1, '13', '502'),
(641, 0, 2, '2', '502'),
(642, 1, 2, '8', '502'),
(643, 2, 2, '2', '502'),
(644, 3, 2, '11', '502'),
(645, 4, 2, '1', '502'),
(646, 0, 3, '11', '502'),
(647, 1, 3, '1', '502'),
(648, 2, 3, '1', '502'),
(649, 3, 3, '1', '502'),
(650, 4, 3, '6', '502'),
(651, 0, 4, '5', '502'),
(652, 1, 4, '5', '502'),
(653, 2, 4, '0', '502'),
(654, 3, 4, '15', '502'),
(655, 4, 4, '10', '502'),
(656, 0, 5, '7', '502'),
(657, 1, 5, '7', '502'),
(658, 2, 5, '0', '502'),
(659, 3, 5, '3', '502'),
(660, 4, 5, '4', '502'),
(661, 0, 6, '6', '502'),
(662, 1, 6, '12', '502'),
(663, 2, 6, '0', '502'),
(664, 3, 6, '8', '502'),
(665, 4, 6, '14', '502'),
(666, 0, 0, '1', '503'),
(667, 1, 0, '6', '503'),
(668, 2, 0, '1', '503'),
(669, 3, 0, '2', '503'),
(670, 4, 0, '3', '503'),
(671, 0, 1, '11', '503'),
(672, 1, 1, '2', '503'),
(673, 2, 1, '7', '503'),
(674, 3, 1, '6', '503'),
(675, 4, 1, '7', '503'),
(676, 0, 2, '6', '503'),
(677, 1, 2, '13', '503'),
(678, 2, 2, '2', '503'),
(679, 3, 2, '11', '503'),
(680, 4, 2, '2', '503'),
(681, 0, 3, '8', '503'),
(682, 1, 3, '1', '503'),
(683, 2, 3, '5', '503'),
(684, 3, 3, '1', '503'),
(685, 4, 3, '1', '503'),
(686, 0, 4, '15', '503'),
(687, 1, 4, '3', '503'),
(688, 2, 4, '0', '503'),
(689, 3, 4, '14', '503'),
(690, 4, 4, '8', '503'),
(691, 0, 5, '13', '503'),
(692, 1, 5, '5', '503'),
(693, 2, 5, '0', '503'),
(694, 3, 5, '5', '503'),
(695, 4, 5, '4', '503'),
(696, 0, 6, '10', '503'),
(697, 1, 6, '8', '503'),
(698, 2, 6, '0', '503'),
(699, 3, 6, '7', '503'),
(700, 4, 6, '12', '503'),
(701, 0, 0, '15', '504'),
(702, 1, 0, '1', '504'),
(703, 2, 0, '11', '504'),
(704, 3, 0, '1', '504'),
(705, 4, 0, '1', '504'),
(706, 0, 1, '1', '504'),
(707, 1, 1, '8', '504'),
(708, 2, 1, '8', '504'),
(709, 3, 1, '2', '504'),
(710, 4, 1, '7', '504'),
(711, 0, 2, '2', '504'),
(712, 1, 2, '10', '504'),
(713, 2, 2, '6', '504'),
(714, 3, 2, '13', '504'),
(715, 4, 2, '13', '504'),
(716, 0, 3, '5', '504'),
(717, 1, 3, '2', '504'),
(718, 2, 3, '1', '504'),
(719, 3, 3, '8', '504'),
(720, 4, 3, '2', '504'),
(721, 0, 4, '4', '504'),
(722, 1, 4, '6', '504'),
(723, 2, 4, '0', '504'),
(724, 3, 4, '5', '504'),
(725, 4, 4, '12', '504'),
(726, 0, 5, '7', '504'),
(727, 1, 5, '3', '504'),
(728, 2, 5, '0', '504'),
(729, 3, 5, '7', '504'),
(730, 4, 5, '14', '504'),
(731, 0, 6, '6', '504'),
(732, 1, 6, '11', '504'),
(733, 2, 6, '0', '504'),
(734, 3, 6, '3', '504'),
(735, 4, 6, '5', '504'),
(736, 0, 0, '2', '601'),
(737, 1, 0, '6', '601'),
(738, 2, 0, '8', '601'),
(739, 3, 0, '6', '601'),
(740, 4, 0, '1', '601'),
(741, 0, 1, '1', '601'),
(742, 1, 1, '2', '601'),
(743, 2, 1, '5', '601'),
(744, 3, 1, '1', '601'),
(745, 4, 1, '10', '601'),
(746, 0, 2, '5', '601'),
(747, 1, 2, '8', '601'),
(748, 2, 2, '2', '601'),
(749, 3, 2, '7', '601'),
(750, 4, 2, '14', '601'),
(751, 0, 3, '11', '601'),
(752, 1, 3, '1', '601'),
(753, 2, 3, '1', '601'),
(754, 3, 3, '2', '601'),
(755, 4, 3, '15', '601'),
(756, 0, 4, '12', '601'),
(757, 1, 4, '5', '601'),
(758, 2, 4, '0', '601'),
(759, 3, 4, '8', '601'),
(760, 4, 4, '4', '601'),
(761, 0, 5, '3', '601'),
(762, 1, 5, '11', '601'),
(763, 2, 5, '0', '601'),
(764, 3, 5, '3', '601'),
(765, 4, 5, '7', '601'),
(766, 0, 6, '6', '601'),
(767, 1, 6, '7', '601'),
(768, 2, 6, '0', '601'),
(769, 3, 6, '13', '601'),
(770, 4, 6, '13', '601'),
(771, 0, 0, '1', '602'),
(772, 1, 0, '2', '602'),
(773, 2, 0, '2', '602'),
(774, 3, 0, '5', '602'),
(775, 4, 0, '8', '602'),
(776, 0, 1, '3', '602'),
(777, 1, 1, '1', '602'),
(778, 2, 1, '1', '602'),
(779, 3, 1, '1', '602'),
(780, 4, 1, '1', '602'),
(781, 0, 2, '2', '602'),
(782, 1, 2, '7', '602'),
(783, 2, 2, '13', '602'),
(784, 3, 2, '4', '602'),
(785, 4, 2, '2', '602'),
(786, 0, 3, '6', '602'),
(787, 1, 3, '5', '602'),
(788, 2, 3, '8', '602'),
(789, 3, 3, '7', '602'),
(790, 4, 3, '5', '602'),
(791, 0, 4, '12', '602'),
(792, 1, 4, '3', '602'),
(793, 2, 4, '0', '602'),
(794, 3, 4, '6', '602'),
(795, 4, 4, '10', '602'),
(796, 0, 5, '15', '602'),
(797, 1, 5, '11', '602'),
(798, 2, 5, '0', '602'),
(799, 3, 5, '13', '602'),
(800, 4, 5, '7', '602'),
(801, 0, 6, '8', '602'),
(802, 1, 6, '6', '602'),
(803, 2, 6, '0', '602'),
(804, 3, 6, '11', '602'),
(805, 4, 6, '14', '602'),
(806, 0, 0, '10', '603'),
(807, 1, 0, '1', '603'),
(808, 2, 0, '2', '603'),
(809, 3, 0, '1', '603'),
(810, 4, 0, '13', '603'),
(811, 0, 1, '11', '603'),
(812, 1, 1, '7', '603'),
(813, 2, 1, '13', '603'),
(814, 3, 1, '3', '603'),
(815, 4, 1, '1', '603'),
(816, 0, 2, '4', '603'),
(817, 1, 2, '2', '603'),
(818, 2, 2, '6', '603'),
(819, 3, 2, '8', '603'),
(820, 4, 2, '7', '603'),
(821, 0, 3, '1', '603'),
(822, 1, 3, '3', '603'),
(823, 2, 3, '1', '603'),
(824, 3, 3, '2', '603'),
(825, 4, 3, '2', '603'),
(826, 0, 4, '14', '603'),
(827, 1, 4, '5', '603'),
(828, 2, 4, '0', '603'),
(829, 3, 4, '15', '603'),
(830, 4, 4, '5', '603'),
(831, 0, 5, '8', '603'),
(832, 1, 5, '6', '603'),
(833, 2, 5, '0', '603'),
(834, 3, 5, '12', '603'),
(835, 4, 5, '11', '603'),
(836, 0, 6, '7', '603'),
(837, 1, 6, '8', '603'),
(838, 2, 6, '0', '603'),
(839, 3, 6, '5', '603'),
(840, 4, 6, '6', '603'),
(841, 0, 0, '2', '604'),
(842, 1, 0, '15', '604'),
(843, 2, 0, '2', '604'),
(844, 3, 0, '13', '604'),
(845, 4, 0, '8', '604'),
(846, 0, 1, '1', '604'),
(847, 1, 1, '1', '604'),
(848, 2, 1, '1', '604'),
(849, 3, 1, '2', '604'),
(850, 4, 1, '2', '604'),
(851, 0, 2, '13', '604'),
(852, 1, 2, '12', '604'),
(853, 2, 2, '7', '604'),
(854, 3, 2, '1', '604'),
(855, 4, 2, '1', '604'),
(856, 0, 3, '10', '604'),
(857, 1, 3, '14', '604'),
(858, 2, 3, '8', '604'),
(859, 3, 3, '6', '604'),
(860, 4, 3, '6', '604'),
(861, 0, 4, '5', '604'),
(862, 1, 4, '4', '604'),
(863, 2, 4, '0', '604'),
(864, 3, 4, '7', '604'),
(865, 4, 4, '11', '604'),
(866, 0, 5, '3', '604'),
(867, 1, 5, '11', '604'),
(868, 2, 5, '0', '604'),
(869, 3, 5, '8', '604'),
(870, 4, 5, '7', '604'),
(871, 0, 6, '6', '604'),
(872, 1, 6, '5', '604'),
(873, 2, 6, '0', '604'),
(874, 3, 6, '3', '604'),
(875, 4, 6, '5', '604'),
(876, 0, 0, '1', '605'),
(877, 1, 0, '1', '605'),
(878, 2, 0, '6', '605'),
(879, 3, 0, '8', '605'),
(880, 4, 0, '7', '605'),
(881, 0, 1, '5', '605'),
(882, 1, 1, '2', '605'),
(883, 2, 1, '1', '605'),
(884, 3, 1, '13', '605'),
(885, 4, 1, '10', '605'),
(886, 0, 2, '2', '605'),
(887, 1, 2, '6', '605'),
(888, 2, 2, '2', '605'),
(889, 3, 2, '2', '605'),
(890, 4, 2, '1', '605'),
(891, 0, 3, '8', '605'),
(892, 1, 3, '5', '605'),
(893, 2, 3, '7', '605'),
(894, 3, 3, '1', '605'),
(895, 4, 3, '6', '605'),
(896, 0, 4, '12', '605'),
(897, 1, 4, '3', '605'),
(898, 2, 4, '0', '605'),
(899, 3, 4, '5', '605'),
(900, 4, 4, '14', '605'),
(901, 0, 5, '3', '605'),
(902, 1, 5, '11', '605'),
(903, 2, 5, '0', '605'),
(904, 3, 5, '4', '605'),
(905, 4, 5, '8', '605'),
(906, 0, 6, '13', '605'),
(907, 1, 6, '15', '605'),
(908, 2, 6, '0', '605'),
(909, 3, 6, '7', '605'),
(910, 4, 6, '11', '605');

-- --------------------------------------------------------

--
-- 資料表結構 `course_info`
--

CREATE TABLE IF NOT EXISTS `course_info` (
  `coid` int(32) NOT NULL AUTO_INCREMENT,
  `cid` int(32) NOT NULL,
  `suid` int(32) NOT NULL,
  `tid` int(32) NOT NULL,
  `ctid` int(32) NOT NULL,
  `rid` int(32) NOT NULL,
  PRIMARY KEY (`coid`)
) ENGINE=InnoDB DEFAULT CHARSET=utf8 AUTO_INCREMENT=1 ;

-- --------------------------------------------------------

--
-- 資料表結構 `grade_info`
--

CREATE TABLE IF NOT EXISTS `grade_info` (
  `gradeNumber` varchar(32) CHARACTER SET utf8mb4 NOT NULL,
  `gradeClassNum` int(32) NOT NULL,
  PRIMARY KEY (`gradeNumber`)
) ENGINE=InnoDB DEFAULT CHARSET=utf8;

--
-- 資料表的匯出資料 `grade_info`
--

INSERT INTO `grade_info` (`gradeNumber`, `gradeClassNum`) VALUES
('1', 4),
('2', 4),
('3', 4),
('4', 5),
('5', 4),
('6', 5);

-- --------------------------------------------------------

--
-- 資料表結構 `grade_schema_info`
--

CREATE TABLE IF NOT EXISTS `grade_schema_info` (
  `gsid` int(32) NOT NULL AUTO_INCREMENT,
  `gradeNumber` varchar(32) NOT NULL,
  `subjectNum` varchar(32) NOT NULL,
  `gradeSubjectNum` int(32) NOT NULL,
  PRIMARY KEY (`gsid`)
) ENGINE=InnoDB  DEFAULT CHARSET=utf8 AUTO_INCREMENT=78 ;

--
-- 資料表的匯出資料 `grade_schema_info`
--

INSERT INTO `grade_schema_info` (`gsid`, `gradeNumber`, `subjectNum`, `gradeSubjectNum`) VALUES
(1, '1', '1', 4),
(2, '1', '4', 1),
(3, '1', '2', 3),
(4, '1', '7', 3),
(5, '1', '8', 2),
(7, '1', '16', 3),
(8, '1', '9', 4),
(9, '1', '12', 1),
(10, '1', '13', 1),
(11, '1', '14', 1),
(12, '2', '1', 4),
(13, '2', '4', 1),
(14, '2', '2', 3),
(15, '2', '7', 3),
(16, '2', '8', 2),
(17, '2', '16', 3),
(18, '2', '9', 4),
(19, '2', '12', 1),
(20, '2', '13', 1),
(21, '2', '14', 1),
(22, '3', '1', 4),
(23, '3', '4', 1),
(24, '3', '2', 3),
(25, '3', '7', 2),
(26, '3', '8', 3),
(27, '3', '6', 3),
(28, '3', '5', 3),
(29, '3', '3', 2),
(30, '3', '15', 1),
(31, '3', '13', 2),
(32, '3', '12', 1),
(33, '3', '14', 1),
(34, '3', '10', 1),
(35, '3', '11', 2),
(36, '4', '1', 4),
(37, '4', '4', 1),
(38, '4', '2', 3),
(39, '4', '7', 2),
(40, '4', '8', 3),
(41, '4', '6', 3),
(42, '4', '5', 3),
(43, '4', '3', 2),
(44, '4', '15', 1),
(45, '4', '13', 2),
(46, '4', '12', 1),
(47, '4', '14', 1),
(48, '4', '10', 1),
(49, '4', '11', 2),
(50, '5', '1', 5),
(51, '5', '4', 1),
(52, '5', '2', 4),
(53, '5', '7', 3),
(54, '5', '8', 3),
(55, '5', '6', 3),
(56, '5', '5', 3),
(57, '5', '3', 2),
(58, '5', '15', 1),
(59, '5', '13', 2),
(60, '5', '12', 1),
(61, '5', '14', 1),
(62, '5', '10', 1),
(63, '5', '11', 2),
(64, '6', '1', 5),
(65, '6', '4', 1),
(66, '6', '2', 4),
(67, '6', '7', 3),
(68, '6', '8', 3),
(69, '6', '6', 3),
(70, '6', '5', 3),
(71, '6', '3', 2),
(72, '6', '15', 1),
(73, '6', '13', 2),
(74, '6', '12', 1),
(75, '6', '14', 1),
(76, '6', '10', 1),
(77, '6', '11', 2);

-- --------------------------------------------------------

--
-- 資料表結構 `room_info`
--

CREATE TABLE IF NOT EXISTS `room_info` (
  `rid` int(32) NOT NULL AUTO_INCREMENT,
  `roomName` varchar(32) NOT NULL,
  PRIMARY KEY (`rid`)
) ENGINE=InnoDB DEFAULT CHARSET=utf8 AUTO_INCREMENT=1 ;

-- --------------------------------------------------------

--
-- 資料表結構 `source_class_info`
--

CREATE TABLE IF NOT EXISTS `source_class_info` (
  `scid` int(32) NOT NULL AUTO_INCREMENT,
  `cid` int(32) NOT NULL,
  `coid` int(32) NOT NULL,
  `tid` int(32) NOT NULL,
  `people` int(32) NOT NULL,
  PRIMARY KEY (`scid`)
) ENGINE=InnoDB DEFAULT CHARSET=utf8 AUTO_INCREMENT=1 ;

-- --------------------------------------------------------

--
-- 資料表結構 `subject_info`
--

CREATE TABLE IF NOT EXISTS `subject_info` (
  `suid` int(32) NOT NULL AUTO_INCREMENT,
  `subjectNum` int(32) NOT NULL,
  `subjectName` varchar(32) NOT NULL,
  PRIMARY KEY (`suid`)
) ENGINE=InnoDB  DEFAULT CHARSET=utf8 AUTO_INCREMENT=17 ;

--
-- 資料表的匯出資料 `subject_info`
--

INSERT INTO `subject_info` (`suid`, `subjectNum`, `subjectName`) VALUES
(1, 1, '國文'),
(2, 2, '數學'),
(3, 3, '英文'),
(4, 4, '閱讀'),
(5, 5, '自然'),
(6, 6, '社會'),
(7, 7, '彈性時間'),
(8, 8, '綜合活動'),
(9, 9, '生活B'),
(10, 10, '音樂'),
(11, 11, '美勞表演'),
(12, 12, '健康'),
(13, 13, '體育'),
(14, 14, '閩南語'),
(15, 15, '資訊'),
(16, 16, '生藝A');

-- --------------------------------------------------------

--
-- 資料表結構 `survey`
--

CREATE TABLE IF NOT EXISTS `survey` (
  `sid` int(32) NOT NULL AUTO_INCREMENT COMMENT '流水編號',
  `tid` int(32) NOT NULL COMMENT '教師流水編號',
  `exceedClass` int(32) NOT NULL COMMENT '超鐘點節數',
  `totalClass` int(32) NOT NULL COMMENT '實際授課節數',
  `hope1` varchar(32) NOT NULL COMMENT '意願一',
  `hope2` varchar(32) NOT NULL COMMENT '意願二',
  `hope3` varchar(32) NOT NULL COMMENT '意願三',
  `hope4` varchar(32) NOT NULL COMMENT '意願四',
  `hope5` varchar(32) NOT NULL COMMENT '意願五',
  `hope6` varchar(32) NOT NULL COMMENT '意願六',
  `hope7` varchar(32) NOT NULL COMMENT '意願七',
  `hope8` varchar(32) NOT NULL COMMENT '意願八',
  `hope9` varchar(32) NOT NULL COMMENT '意願九',
  `hope10` varchar(32) NOT NULL COMMENT '意願十',
  `hope11` varchar(32) NOT NULL COMMENT '意願十一',
  `hope12` varchar(32) NOT NULL COMMENT '意願十二',
  `hope13` varchar(32) NOT NULL COMMENT '意願十三',
  `hope14` varchar(32) NOT NULL COMMENT '意願十四',
  `hope15` varchar(32) NOT NULL COMMENT '意願十五',
  PRIMARY KEY (`sid`)
) ENGINE=InnoDB  DEFAULT CHARSET=utf8 AUTO_INCREMENT=91 ;

--
-- 資料表的匯出資料 `survey`
--

INSERT INTO `survey` (`sid`, `tid`, `exceedClass`, `totalClass`, `hope1`, `hope2`, `hope3`, `hope4`, `hope5`, `hope6`, `hope7`, `hope8`, `hope9`, `hope10`, `hope11`, `hope12`, `hope13`, `hope14`, `hope15`) VALUES
(26, 20, 1, 16, '國語', '數學', '綜合活動', '彈性時間', '生活B', '閱讀', '健康', '閩南語', '生活A', '體育', 'none', 'none', 'none', 'none', 'none'),
(27, 22, 4, 20, '國語', '數學', '閱讀', '彈性時間', '綜合活動', '生活A', '生活B', '音樂', 'none', 'none', 'none', 'none', 'none', 'none', 'none'),
(28, 23, 4, 19, '國語', '閱讀', '數學', '彈性時間', '生活A', '生活B', '健康', 'none', 'none', 'none', 'none', 'none', 'none', 'none', 'none'),
(29, 2, 6, 7, '社會', '閱讀', '閩南語', 'none', 'none', 'none', 'none', 'none', 'none', 'none', 'none', 'none', 'none', 'none', 'none'),
(32, 7, 0, 7, '自然與生活科技', '社會', 'none', 'none', 'none', 'none', 'none', 'none', 'none', 'none', 'none', 'none', 'none', 'none', 'none'),
(33, 21, 4, 19, '國語', '數學', '彈性時間', '綜合活動', '生活A', '生活B', '閱讀', 'none', 'none', 'none', 'none', 'none', 'none', 'none', 'none'),
(34, 32, 2, 18, '國語', '數學', '社會', '彈性時間', '美勞表演', '綜合活動', '閱讀', '健康', '閩南語', '自然與生活科技', 'none', 'none', 'none', 'none', 'none'),
(35, 11, 3, 15, '自然與生活科技', 'none', 'none', 'none', 'none', 'none', 'none', 'none', 'none', 'none', 'none', 'none', 'none', 'none', 'none'),
(39, 44, 1, 16, '國語', '數學', '彈性時間', '體育', '健康', '閱讀', 'none', 'none', 'none', 'none', 'none', 'none', 'none', 'none', 'none'),
(41, 10, 0, 12, '綜合活動', '閱讀', '健康', '體育', '生活A', '生活B', 'none', 'none', 'none', 'none', 'none', 'none', 'none', 'none', 'none'),
(42, 27, 0, 16, '國語', '數學', '社會', '彈性時間', '綜合活動', '閱讀', '健康', 'none', 'none', 'none', 'none', 'none', 'none', 'none', 'none'),
(44, 43, 0, 16, '國語', '數學', '彈性時間', '綜合活動', '閱讀', 'none', 'none', 'none', 'none', 'none', 'none', 'none', 'none', 'none', 'none'),
(45, 3, 2, 3, '閱讀', '綜合活動', 'none', 'none', 'none', 'none', 'none', 'none', 'none', 'none', 'none', 'none', 'none', 'none', 'none'),
(46, 30, 0, 15, '國語', '數學', '綜合活動', '彈性時間', '體育', '健康', '閱讀', '社會', '自然與生活科技', '閩南語', '美勞表演', '音樂', '英語', '資訊', 'none'),
(47, 38, 4, 20, '國語', '數學', '彈性時間', '閱讀', '綜合活動', '社會', '健康', '體育', '自然與生活科技', '閩南語', '資訊', '美勞表演', 'none', 'none', 'none'),
(49, 12, 0, 11, '自然與生活科技', '健康', 'none', 'none', 'none', 'none', 'none', 'none', 'none', 'none', 'none', 'none', 'none', 'none', 'none'),
(50, 37, 4, 20, '國語', '數學', '社會', '彈性時間', '綜合活動', '閱讀', '健康', 'none', 'none', 'none', 'none', 'none', 'none', 'none', 'none'),
(52, 41, 1, 13, '國語', '數學', '彈性時間', '閱讀', 'none', 'none', 'none', 'none', 'none', 'none', 'none', 'none', 'none', 'none', 'none'),
(54, 6, 0, 11, '美勞表演', '健康', '閩南語', 'none', 'none', 'none', 'none', 'none', 'none', 'none', 'none', 'none', 'none', 'none', 'none'),
(55, 5, 5, 6, '社會', '閱讀', '健康', '綜合活動', 'none', 'none', 'none', 'none', 'none', 'none', 'none', 'none', 'none', 'none', 'none'),
(57, 28, 0, 16, '國語', '數學', '社會', '綜合活動', '彈性時間', '閱讀', '健康', '閩南語', 'none', 'none', 'none', 'none', 'none', 'none', 'none'),
(58, 4, 0, 1, '閱讀', 'none', 'none', 'none', 'none', 'none', 'none', 'none', 'none', 'none', 'none', 'none', 'none', 'none', 'none'),
(60, 19, 4, 20, '國語', '數學', '彈性時間', '閱讀', '綜合活動', '生活A', '生活B', 'none', 'none', 'none', 'none', 'none', 'none', 'none', 'none'),
(62, 25, 3, 15, '國語', '數學', '閱讀', '彈性時間', '綜合活動', '閩南語', '健康', 'none', 'none', 'none', 'none', 'none', 'none', 'none', 'none'),
(64, 34, 1, 17, '國語', '數學', '閱讀', '綜合活動', '彈性時間', '生活B', 'none', 'none', 'none', 'none', 'none', 'none', 'none', 'none', 'none'),
(65, 35, 4, 19, '國語', '閱讀', '數學', '彈性時間', '綜合活動', '社會', '音樂', '健康', '閩南語', 'none', 'none', 'none', 'none', 'none', 'none'),
(66, 33, 1, 17, '國語', '數學', '社會', '綜合活動', '彈性時間', '閱讀', '健康', 'none', 'none', 'none', 'none', 'none', 'none', 'none', 'none'),
(67, 26, 4, 16, '國語', '數學', '彈性時間', '綜合活動', '生活B', '閱讀', '音樂', 'none', 'none', 'none', 'none', 'none', 'none', 'none', 'none'),
(68, 9, 3, 14, '體育', '健康', '閩南語', 'none', 'none', 'none', 'none', 'none', 'none', 'none', 'none', 'none', 'none', 'none', 'none'),
(70, 16, 2, 20, '美勞表演', '社會', '閱讀', '生活A', '生活B', '體育', 'none', 'none', 'none', 'none', 'none', 'none', 'none', 'none', 'none'),
(72, 18, 1, 20, '英語', '綜合活動', '健康', 'none', 'none', 'none', 'none', 'none', 'none', 'none', 'none', 'none', 'none', 'none', 'none'),
(76, 42, 0, 16, '國語', '數學', '綜合活動', '彈性時間', '閱讀', '健康', 'none', 'none', 'none', 'none', 'none', 'none', 'none', 'none', 'none'),
(77, 13, 5, 17, '社會', '健康', 'none', 'none', 'none', 'none', 'none', 'none', 'none', 'none', 'none', 'none', 'none', 'none', 'none'),
(78, 17, 1, 20, '體育', '健康', 'none', 'none', 'none', 'none', 'none', 'none', 'none', 'none', 'none', 'none', 'none', 'none', 'none'),
(79, 31, 2, 16, '國語', '數學', '社會', '閱讀', '彈性時間', '綜合活動', 'none', 'none', 'none', 'none', 'none', 'none', 'none', 'none', 'none'),
(83, 45, 0, 16, '數學', '國語', '彈性時間', '綜合活動', '健康', '體育', '閱讀', 'none', 'none', 'none', 'none', 'none', 'none', 'none', 'none'),
(84, 29, 0, 15, '國語', '數學', '社會', '綜合活動', '彈性時間', 'none', 'none', 'none', 'none', 'none', 'none', 'none', 'none', 'none', 'none'),
(85, 40, 4, 20, '國語', '數學', '閱讀', '社會', '綜合活動', '健康', '彈性時間', 'none', 'none', 'none', 'none', 'none', 'none', 'none', 'none'),
(86, 36, 4, 19, '國語', '閱讀', '數學', '彈性時間', '體育', '健康', '社會', 'none', 'none', 'none', 'none', 'none', 'none', 'none', 'none'),
(87, 8, 3, 14, '閩南語', '生活B', '生活A', 'none', 'none', 'none', 'none', 'none', 'none', 'none', 'none', 'none', 'none', 'none', 'none'),
(88, 15, 0, 11, '音樂', 'none', 'none', 'none', 'none', 'none', 'none', 'none', 'none', 'none', 'none', 'none', 'none', 'none', 'none'),
(89, 0, 4, 4, '國語', '數學', '彈性時間', '綜合活動', '健康', '閱讀', '社會', 'none', 'none', 'none', 'none', 'none', 'none', 'none', 'none'),
(90, 39, 4, 20, '國語', '數學', '彈性時間', '綜合活動', '社會', '閱讀', '健康', 'none', 'none', 'none', 'none', 'none', 'none', 'none', 'none');

-- --------------------------------------------------------

--
-- 資料表結構 `teacher_info`
--

CREATE TABLE IF NOT EXISTS `teacher_info` (
  `tid` int(32) NOT NULL AUTO_INCREMENT,
  `name` varchar(32) NOT NULL,
  `jobTitle` varchar(32) NOT NULL,
  `limit` varchar(32) NOT NULL,
  `jobClass` int(32) NOT NULL,
  `subClass` int(32) NOT NULL,
  `realClass` int(32) NOT NULL,
  PRIMARY KEY (`tid`)
) ENGINE=InnoDB  DEFAULT CHARSET=utf8 AUTO_INCREMENT=46 ;

--
-- 資料表的匯出資料 `teacher_info`
--

INSERT INTO `teacher_info` (`tid`, `name`, `jobTitle`, `limit`, `jobClass`, `subClass`, `realClass`) VALUES
(2, '蔡志華', '教師兼教務主任', '', 1, 0, 1),
(3, '林明輝', '教師兼學務主任', '', 1, 0, 1),
(4, '張錫傑', '教師兼總務主任', '', 1, 0, 1),
(5, '鄭玉敏', '教師兼輔導主任', '', 1, 0, 1),
(6, '蕭芝樺', '教師兼教學組長', '非法定', 12, 1, 11),
(7, '陳錫川', '教師兼資訊設備組長', '非法定', 12, 5, 7),
(8, '陳媄華', '教師兼註冊組長', '法定', 12, 1, 11),
(9, '陳文勤', '教師兼體育組長', '法定', 12, 1, 11),
(10, '趙秀貞', '教師兼活動組長', '', 12, 0, 12),
(11, '陳子蕙', '教師兼生教組長', '', 12, 0, 12),
(12, '許燕妮', '教師兼文書組長', '非法定', 12, 1, 11),
(13, '謝世智', '級任教師兼出納組長', '', 12, 0, 12),
(15, '林南彬', '教師兼資料組長', '非法定', 12, 1, 11),
(16, '張智能', '科任教師', '法定', 20, 2, 18),
(17, '李降昌', '科任教師', '法定', 20, 1, 19),
(18, '賴韋秀', '代理老師', '法定', 20, 1, 19),
(19, '黃菁芳', '級任教師', '', 16, 0, 16),
(20, '黃靖芬', '級任教師', '法定', 16, 1, 15),
(21, '鍾宜凌', '級任教師', '法定', 16, 1, 15),
(22, '林秀娟', '級任教師', '', 16, 0, 16),
(23, '李淑娥', '級任教師', '法定', 16, 1, 15),
(25, '洪千媄', '教師兼輔導組長', '', 12, 0, 12),
(26, '林綵婕', '級任教師兼事務組長', '', 12, 0, 12),
(27, '徐月貞', '級任教師', '', 16, 0, 16),
(28, '黃如瑾', '級任教師', '', 16, 0, 16),
(29, '廖文毅', '級任教師', '非法定', 16, 1, 15),
(30, '許秀芬', '級任教師', '非法定', 16, 1, 15),
(31, '郟天保', '級任教師', '法定', 16, 2, 14),
(32, '黃琬玲', '級任教師', '', 16, 0, 16),
(33, '陳昭永', '級任教師', '', 16, 0, 16),
(34, '陳旻芳', '代理老師', '', 16, 0, 16),
(35, '周學蕙', '級任教師', '法定', 16, 1, 15),
(36, '陳威男', '級任教師', '法定', 16, 1, 15),
(37, '林慧婷', '級任教師', '', 16, 0, 16),
(38, '王勝弘', '級任教師', '', 16, 0, 16),
(39, '鄭碧雯', '代理老師', '', 16, 0, 16),
(40, '吳宗弘', '級任教師', '', 16, 0, 16),
(41, '黃煥東', '級任教師兼衛教組長', '', 12, 0, 12),
(42, '范家強', '級任教師', '', 16, 0, 16),
(43, '朱恭慶', '級任教師', '', 16, 0, 16),
(44, '蘇勇誠', '級任教師', '法定', 16, 1, 15),
(45, '郭軍豪', '級任教師', '', 16, 0, 16);

/*!40101 SET CHARACTER_SET_CLIENT=@OLD_CHARACTER_SET_CLIENT */;
/*!40101 SET CHARACTER_SET_RESULTS=@OLD_CHARACTER_SET_RESULTS */;
/*!40101 SET COLLATION_CONNECTION=@OLD_COLLATION_CONNECTION */;
